image,kernel,alpha,ssim,psnr,metric,fitness,noisy,enhanced,initial_ssim,initial_psnr,improvement_ssim,improvement_psnr,processing_time,generations_converged
100007,7,0.7586559999579654,0.6526305530215675,28.419681584157548,combined,0.6273594766200424,results/100007_noisy.png,results/100007_enhanced.png,0.27771890669537524,20.329222769570187,0.3749116463261922,8.090458814587361,1.0667927265167236,5
100039,5,0.3940676307822568,0.7208853961104406,24.37010151557326,combined,0.6508403863707479,results/100039_noisy.png,results/100039_enhanced.png,0.5457963939532294,20.361295565086515,0.17508900215721113,4.008805950486746,1.0891101360321045,5
100099,7,0.4674693829103659,0.5524985738242211,27.67399800751138,combined,0.5527929897220231,results/100099_noisy.png,results/100099_enhanced.png,0.2202086326150083,20.175954180566894,0.33228994120921274,7.498043826944485,0.9932870864868164,5
10081,7,0.5963235318360522,0.6324219011001286,26.485158668274835,combined,0.601606282779739,results/10081_noisy.png,results/10081_enhanced.png,0.29169376884572157,20.253206886960456,0.34072813225440707,6.231951781314379,1.0943043231964111,5
101027,5,0.4307688736784109,0.650549185264669,24.814302963522753,combined,0.6042702474664048,results/101027_noisy.png,results/101027_enhanced.png,0.4541135140945273,20.679573349846603,0.19643567117014166,4.13472961367615,1.071446418762207,5
101084,3,0.46548761289524115,0.7189560307969035,23.843833768953036,combined,0.6463322241715506,results/101084_noisy.png,results/101084_enhanced.png,0.6018303511208098,20.44950825269371,0.11712567967609366,3.3943255162593253,1.0522077083587646,5
102062,3,0.8152839177277365,0.6991352627582808,23.066534270896376,combined,0.6277938895561748,results/102062_noisy.png,results/102062_enhanced.png,0.5933209022427441,20.330127946657434,0.10581436051553661,2.736406324238942,1.218818187713623,5
103006,5,0.5284815232106048,0.7110731345977866,24.577306769348354,combined,0.6452150348345407,results/103006_noisy.png,results/103006_enhanced.png,0.5317611987814668,20.388147545811343,0.17931193581631988,4.189159223537011,1.0421779155731201,5
103029,5,0.714425563161938,0.6618101880418258,29.267613216480367,combined,0.6388728109281602,results/103029_noisy.png,results/103029_enhanced.png,0.22410058375873382,20.31099985726071,0.43770960428309197,8.956613359219656,0.9541342258453369,5
103078,5,0.4780751827958775,0.6766129690574342,25.9183253066313,combined,0.6291390301799917,results/103078_noisy.png,results/103078_enhanced.png,0.4269267307955848,20.431278217584175,0.24968623826184938,5.487047089047124,1.0205235481262207,5
104010,3,0.7548161631308808,0.6928521106118254,26.657493437735276,combined,0.6449414380546894,results/104010_noisy.png,results/104010_enhanced.png,0.4035911204605218,20.1743017387245,0.2892609901513036,6.483191699010778,0.9635720252990723,5
104055,5,0.5570649953627461,0.5932734426505829,27.887244189847706,combined,0.5826148749944943,results/104055_noisy.png,results/104055_enhanced.png,0.25894731276695965,20.245309487379423,0.33432612988362326,7.6419347024682835,0.9854609966278076,5
105027,5,0.5457787263802463,0.6291200117233654,26.705273633782944,combined,0.6006156500090534,results/105027_noisy.png,results/105027_enhanced.png,0.3463331560843813,20.137824738528558,0.2827868556389841,6.567448895254387,0.9909000396728516,5
106005,5,0.85,0.7013076753095662,29.15272043958264,combined,0.6658316953541921,results/106005_noisy.png,results/106005_enhanced.png,0.2597109236771021,20.3401236568377,0.4415967516324641,8.81259678274494,0.927372932434082,5
106047,7,0.5287365276535009,0.6863486314050814,28.03610425621582,combined,0.6486606675208518,results/106047_noisy.png,results/106047_enhanced.png,0.30712241468121354,20.225204620023757,0.37922621672386786,7.810899636192062,1.267791748046875,5
107014,7,0.7581184299400799,0.6382908299394199,26.96555820905283,combined,0.6085969302119109,results/107014_noisy.png,results/107014_enhanced.png,0.34172415282442714,20.171258497649998,0.29656667711499274,6.794299711402832,1.134371042251587,5
107045,3,0.85,0.6718426587127259,25.349515403919476,combined,0.6223869535224249,results/107045_noisy.png,results/107045_enhanced.png,0.45451465849550965,20.215492829210476,0.2173280002172162,5.134022574709,1.0260863304138184,5
107072,3,0.5130833904709984,0.661045826350855,24.799002380852386,combined,0.6115260927307128,results/107072_noisy.png,results/107072_enhanced.png,0.4735546142003291,20.252493324212722,0.18749121215052583,4.546509056639664,1.0468385219573975,5
108004,3,0.45035871012419276,0.6980073324764521,23.953519747590253,combined,0.6323262512190579,results/108004_noisy.png,results/108004_enhanced.png,0.5618655254792428,20.18663510662922,0.13614180699720924,3.7668846409610346,1.1034905910491943,5
108036,5,0.4302222054580699,0.6978973961159554,24.879449547445184,combined,0.6378048745658398,results/108036_noisy.png,results/108036_enhanced.png,0.5006248278106944,20.336585674722535,0.19727256830526096,4.5428638727226485,1.2587664127349854,5
108069,5,0.5268476511991559,0.7496579723246953,25.380986134158068,combined,0.6770464974322351,results/108069_noisy.png,results/108069_enhanced.png,0.5100675928097195,20.378674403375356,0.23959037951497586,5.002311730782711,1.130753755569458,5
109055,5,0.8260694391214255,0.7192821525649165,24.922731866556923,combined,0.653033897994783,results/109055_noisy.png,results/109055_enhanced.png,0.42980272550245724,20.316067637245958,0.2894794270624592,4.606664229310965,1.3772287368774414,5
112056,7,0.85,0.6539936378584552,29.893299936773555,combined,0.63715534612156,results/112056_noisy.png,results/112056_enhanced.png,0.1945119568548683,20.182335881825388,0.4594816810035869,9.710964054948168,1.7607989311218262,5
112090,5,0.7766512866037895,0.6681965716075642,26.134692447627682,combined,0.624545754811061,results/112090_noisy.png,results/112090_enhanced.png,0.43037971275570147,20.26637662596075,0.2378168588518627,5.868315821666933,1.4090349674224854,5
117025,5,0.4268771853720166,0.6347401093825067,25.20096335140775,combined,0.5955238566762011,results/117025_noisy.png,results/117025_enhanced.png,0.45811667862030453,20.380054684860664,0.17662343076220216,4.820908666547087,1.6530675888061523,5
118015,7,0.7034692578091437,0.628369222812665,22.820156976035015,combined,0.5767793978250756,results/118015_noisy.png,results/118015_enhanced.png,0.4237212024407587,20.409642678252915,0.20464802037190633,2.4105142977821004,1.6578130722045898,5
118031,7,0.5605976981802615,0.616149505488804,24.105396571658172,combined,0.5759370332721118,results/118031_noisy.png,results/118031_enhanced.png,0.4428255981139015,20.31392311942508,0.1733239073749025,3.7914734522330917,1.7672662734985352,5
118072,7,0.49804281780019377,0.6467250749378218,26.006100184682424,combined,0.6087441535645698,results/118072_noisy.png,results/118072_enhanced.png,0.4243742989215799,20.557017352078336,0.22235077601624192,5.449082832604088,1.6899466514587402,5
120003,7,0.4846270316321133,0.6561177140757921,27.611700396730257,combined,0.624952602233436,results/120003_noisy.png,results/120003_enhanced.png,0.2982700591414509,20.823200075839907,0.35784765493434123,6.78850032089035,1.6314964294433594,5
120093,7,0.5274236719759966,0.6375194438667213,23.224158768905298,combined,0.5856085633201367,results/120093_noisy.png,results/120093_enhanced.png,0.4287435351904797,20.42945214778344,0.20877590867624163,2.7947066211218576,1.5511929988861084,5
123057,5,0.7010468710580134,0.6825533005366117,27.70654292655339,combined,0.6440265679349485,results/123057_noisy.png,results/123057_enhanced.png,0.3086239606762396,20.238754987179682,0.3739293398603721,7.467787939373707,1.6529278755187988,5
128035,7,0.6724476554790595,0.6612322772035384,27.26852496814967,combined,0.6264737438513748,results/128035_noisy.png,results/128035_enhanced.png,0.3133560835355181,20.287189393821773,0.3478761936680203,6.981335574327897,1.6071505546569824,5
130014,7,0.5806872954445949,0.6419121267843529,25.906118042321342,combined,0.6047751970029751,results/130014_noisy.png,results/130014_enhanced.png,0.3393656184447418,20.17751239601384,0.30254650833961116,5.7286056463075035,1.6403388977050781,5
130066,7,0.7293388672355561,0.6447404205712975,22.6580392896901,combined,0.5872665301380489,results/130066_noisy.png,results/130066_enhanced.png,0.35670578944404513,20.250337759151797,0.2880346311272524,2.4077015305383043,1.5770087242126465,5
134049,5,0.3937070672759898,0.7323356781048822,24.752577576822183,combined,0.6611504401343506,results/134049_noisy.png,results/134049_enhanced.png,0.5718624365033241,20.30588776447274,0.16047324160155807,4.446689812349444,1.6487274169921875,5
134067,5,0.32824697559204685,0.7891774572451112,23.35362496348314,combined,0.6925459698524767,results/134067_noisy.png,results/134067_enhanced.png,0.6953189756599765,20.576752103980684,0.09385848158513477,2.776872859502454,1.542147159576416,5
140006,7,0.4139727378315061,0.6210249987827889,24.590430308793803,combined,0.582260081000715,results/140006_noisy.png,results/140006_enhanced.png,0.43504766933826045,20.32847836593443,0.1859773294445285,4.261951942859373,1.4935684204101562,5
140088,5,0.7310281549928583,0.627653966087918,25.682756174162733,combined,0.593454313306519,results/140088_noisy.png,results/140088_enhanced.png,0.28925169011113394,20.64058270026347,0.3384022759767841,5.042173473899265,1.6678264141082764,5
14085,5,0.4244901068750564,0.6553237368257598,26.168243495580192,combined,0.615736076751513,results/14085_noisy.png,results/14085_enhanced.png,0.4001541060581095,20.376448844713764,0.2551696307676503,5.791794650866429,1.6677534580230713,5
14092,3,0.7239989950389728,0.6833518490791007,26.552696392308125,combined,0.6376624727092192,results/14092_noisy.png,results/14092_enhanced.png,0.418994535369975,20.389086284572812,0.26435731370912574,6.1636101077353125,1.0192675590515137,5
141012,5,0.3206371834752448,0.7403049251772109,23.80829615814369,combined,0.6610632245729098,results/141012_noisy.png,results/141012_enhanced.png,0.6058330336450156,20.410359335113327,0.1344718915321953,3.3979368230303635,1.022517442703247,5
141048,3,0.35124730412455907,0.6128092685073673,24.16099597715945,combined,0.5739324638181138,results/141048_noisy.png,results/141048_enhanced.png,0.4484688966359122,20.554432629859708,0.16434037187145506,3.6065633472997405,1.389296293258667,5
145059,5,0.4422142798087396,0.7210925945709734,25.299315172640313,combined,0.6565607072355233,results/145059_noisy.png,results/145059_enhanced.png,0.5186683007492201,20.45113045589558,0.2024242938217533,4.848184716744733,1.6087250709533691,5
145079,5,0.3757099040037716,0.6817251985216788,24.56994634215494,combined,0.6246273170181047,results/145079_noisy.png,results/145079_enhanced.png,0.5313393778779814,20.724260543809528,0.15038582064369743,3.8456857983454107,1.5630228519439697,5
146074,7,0.7678833492789383,0.6666777481163318,23.82464864769281,combined,0.6096223155675891,results/146074_noisy.png,results/146074_enhanced.png,0.39336019148853185,20.41087459295639,0.2733175566278,3.4137740547364217,1.69317626953125,5
147077,3,0.85,0.7012965261035449,25.82899430215353,combined,0.6458815340854025,results/147077_noisy.png,results/147077_enhanced.png,0.47062225978180366,20.634357853192427,0.2306742663217412,5.194636448961102,1.649878978729248,5
147080,5,0.45722754926899545,0.7179741600354957,25.220194222749598,combined,0.6539030773613446,results/147080_noisy.png,results/147080_enhanced.png,0.5325538526055281,20.63582585635444,0.18542030742996762,4.584368366395157,1.6841044425964355,5
15011,3,0.7058913428844589,0.6627104447630361,26.613335745040978,combined,0.6235773258043711,results/15011_noisy.png,results/15011_enhanced.png,0.39490557316441816,20.48164287374258,0.26780487159861793,6.131692871298398,1.1805083751678467,5
15062,7,0.4783831624225747,0.6669449385965636,24.986566915841756,combined,0.616780858512645,results/15062_noisy.png,results/15062_enhanced.png,0.4720048739801201,20.511495344979625,0.19494006461644348,4.475071570862131,1.3181171417236328,5
156054,7,0.5223289947202685,0.6225600566987638,25.809874301458898,combined,0.590651285497888,results/156054_noisy.png,results/156054_enhanced.png,0.3821659797284512,20.327726019882366,0.24039407697031262,5.4821482815765314,1.5743622779846191,5
157032,5,0.8381594219451783,0.6289516694379971,28.00269434991924,combined,0.6082823347061133,results/157032_noisy.png,results/157032_enhanced.png,0.2368522032150822,20.2200091267067,0.39209946622291486,7.782685223212539,1.578841209411621,5
157087,3,0.7532927018398582,0.7135431613095417,25.896588612885285,combined,0.6548597445939908,results/157087_noisy.png,results/157087_enhanced.png,0.4769847109079105,20.73055949164602,0.23655845040163115,5.166029121239266,1.6162540912628174,5
159002,7,0.4451328342232045,0.7106912079694169,26.545619443035168,combined,0.6567575622368027,results/159002_noisy.png,results/159002_enhanced.png,0.42733915346751633,20.99816138772367,0.28335205450190054,5.547458055311498,1.2834899425506592,5
159022,7,0.6454223877796909,0.6163481330443299,26.53686300465449,combined,0.5906648711589578,results/159022_noisy.png,results/159022_enhanced.png,0.2521295445505897,20.4458977539778,0.36421858849374017,6.090965250676689,1.2310335636138916,5
160006,7,0.5095709438944341,0.6731738705190411,25.712206597159547,combined,0.625494948946286,results/160006_noisy.png,results/160006_enhanced.png,0.37065407629784924,20.42724605021775,0.30251979422119185,5.284960546941797,1.1112635135650635,5
16004,5,0.7533150349841771,0.7442614698206382,25.827718028410068,combined,0.6759493370449071,results/16004_noisy.png,results/16004_enhanced.png,0.4387493128213809,20.426354237952683,0.3055121569992573,5.401363790457385,1.413282871246338,5
160067,7,0.7461862119496864,0.6916585570101923,24.96892983602915,combined,0.6339745689233095,results/160067_noisy.png,results/160067_enhanced.png,0.3803066006764707,20.226497184866098,0.3113519563337216,4.742432651163053,1.5183367729187012,5
16068,5,0.85,0.7006279951045844,24.21655753316724,combined,0.6357389417722126,results/16068_noisy.png,results/16068_enhanced.png,0.44392404718503775,20.257077243152782,0.25670394791954665,3.959480290014458,1.4577248096466064,5
161045,7,0.85,0.6059262025048799,27.788150227895944,combined,0.5908772431207916,results/161045_noisy.png,results/161045_enhanced.png,0.2683821000103259,20.226988576159158,0.337544102494554,7.561161651736786,1.5761477947235107,5
163004,7,0.85,0.7047772591740863,24.540239403100923,combined,0.6405855178404659,results/163004_noisy.png,results/163004_enhanced.png,0.4253169423435363,21.166839273819228,0.27946031683055,3.373400129281695,1.415337324142456,5
163096,5,0.5325504945845484,0.6645134244333539,25.847530572062002,combined,0.6202445805357197,results/163096_noisy.png,results/163096_enhanced.png,0.46162268873744816,20.611284192012157,0.20289073569590577,5.236246380049845,1.6287906169891357,5
164046,5,0.6365854767226287,0.6215861298724927,27.170776368746953,combined,0.5981349491232266,results/164046_noisy.png,results/164046_enhanced.png,0.33366861728526315,20.213088079454575,0.2879175125872296,6.957688289292378,1.6651279926300049,5
168084,3,0.5149630325328243,0.5202676088140387,25.61103203939979,combined,0.5178535184062257,results/168084_noisy.png,results/168084_enhanced.png,0.28642560284260093,20.2507428113598,0.23384200597143773,5.360289228039992,1.4593405723571777,5
17067,5,0.44267743517381686,0.6839144568290221,25.0622429063991,combined,0.6291135772187101,results/17067_noisy.png,results/17067_enhanced.png,0.492687800636785,20.73434788106169,0.19122665619223705,4.327895025337408,1.483773946762085,5
175083,5,0.85,0.7005080067866549,25.19124473857659,combined,0.641503073182118,results/175083_noisy.png,results/175083_enhanced.png,0.5055917612030538,20.268363286920426,0.1949162455836011,4.922881451656163,1.5152578353881836,5
176051,5,0.8229816318381887,0.6578972567631227,27.36495263680795,combined,0.6247177955550336,results/176051_noisy.png,results/176051_enhanced.png,0.28756546913999637,20.35065607526732,0.37033178762312635,7.014296561540629,1.5557308197021484,5
179084,5,0.7525792502735128,0.661285840498969,28.23377340932327,combined,0.6323027288052179,results/179084_noisy.png,results/179084_enhanced.png,0.266543484446984,20.66560356244239,0.394742356051985,7.568169846880881,1.0844638347625732,5
181021,5,0.85,0.7078808176467413,25.557412692339714,combined,0.6488610485067572,results/181021_noisy.png,results/181021_enhanced.png,0.411173955984927,21.58005560302321,0.29670686166181426,3.9773570893165022,1.2626993656158447,5
183066,3,0.7020029523607144,0.6334538914874094,25.14162157464313,combined,0.5942674534890453,results/183066_noisy.png,results/183066_enhanced.png,0.39962078596779993,20.564231548974227,0.23383310551960945,4.577390025668901,1.1899867057800293,5
185092,5,0.85,0.645096012386697,28.269174523753794,combined,0.6211822558132106,results/185092_noisy.png,results/185092_enhanced.png,0.25221526130177546,20.4697454168884,0.39288075108492154,7.799429106865393,1.5368189811706543,5
187058,3,0.4764278428159139,0.75540797507475,23.69533285363088,combined,0.6709575796741103,results/187058_noisy.png,results/187058_enhanced.png,0.6378027433656555,20.437771394222466,0.11760523170909454,3.2575614594084144,1.67869234085083,5
187099,5,0.38962921333142486,0.7503351317572116,23.297377236945806,combined,0.6650188556517229,results/187099_noisy.png,results/187099_enhanced.png,0.660110070119556,20.480172967736223,0.09022506163765553,2.817204269209583,1.6360619068145752,5
188025,5,0.7223990768525919,0.647334670348931,25.198744262316495,combined,0.6043267348181507,results/188025_noisy.png,results/188025_enhanced.png,0.39792349750290273,20.255839733974817,0.24941117284602826,4.942904528341678,1.4176828861236572,5
189006,7,0.7704112873099744,0.7184591506555327,28.633583846616162,combined,0.6747229085385699,results/189006_noisy.png,results/189006_enhanced.png,0.2875939142321797,20.53383464905958,0.43086523642335295,8.099749197556584,1.2362697124481201,5
189013,7,0.1,0.44452955866147853,24.191918825914676,combined,0.456322204018523,results/189013_noisy.png,results/189013_enhanced.png,0.28684747807988337,20.22346115325755,0.15768208058159516,3.9684576726571272,1.5121667385101318,5
189029,7,0.8331434861601427,0.7152450664469268,26.025280835844583,combined,0.6568232315279162,results/189029_noisy.png,results/189029_enhanced.png,0.37158419706923407,21.457225868121157,0.3436608693776927,4.568054967723427,1.4743742942810059,5
189096,5,0.8321601827012102,0.7463004273909782,26.011304401504496,combined,0.6784781255827117,results/189096_noisy.png,results/189096_enhanced.png,0.47354452742896663,20.72965439666639,0.2727558999620116,5.281650004838106,1.014617919921875,5
196027,7,0.7469454987785245,0.629695014264019,29.155086027781284,combined,0.6157170261515009,results/196027_noisy.png,results/196027_enhanced.png,0.19647066766205273,20.191640031602603,0.43322434660196624,8.963445996178681,1.5562770366668701,5
196040,3,0.7789195192832508,0.7254312375171497,25.055281266171498,combined,0.6581335538590337,results/196040_noisy.png,results/196040_enhanced.png,0.5203813040086391,20.287831861002374,0.20504993350851053,4.767449405169124,1.602431297302246,5
196062,5,0.8302922491289548,0.6799450355381069,27.227853185032863,combined,0.639328643986872,results/196062_noisy.png,results/196062_enhanced.png,0.36736914884520966,20.304351430521915,0.31257588669289726,6.923501754510948,1.3541173934936523,5
196088,5,0.32031059465763767,0.7751559733376431,23.45276445356199,combined,0.683325768057722,results/196088_noisy.png,results/196088_enhanced.png,0.662502436809443,20.547848434596816,0.1126535365282001,2.9049160189651744,0.9802091121673584,5
198087,7,0.800623832989311,0.6861077498690763,25.755053513191463,combined,0.6348057459875022,results/198087_noisy.png,results/198087_enhanced.png,0.3285290752505102,20.474535316705538,0.3575786746185661,5.280518196485925,1.00128173828125,5
20069,5,0.85,0.7017153486552826,27.97989438491539,combined,0.6590801103681901,results/20069_noisy.png,results/20069_enhanced.png,0.3085211812794151,20.407837132266145,0.39319416737586754,7.572057252649245,0.9306864738464355,5
201080,7,0.7715451866422831,0.6313153035672664,25.55875724276648,combined,0.5952732559536853,results/201080_noisy.png,results/201080_enhanced.png,0.31197884991666597,20.25542957253817,0.3193364536506004,5.30332767022831,0.990166425704956,5
2018,5,0.7221076932493848,0.6666026825609295,23.882126931419766,combined,0.6099146393811692,results/2018_noisy.png,results/2018_enhanced.png,0.42094585986564104,21.034391960409874,0.24565682269528843,2.847734971009892,1.037410020828247,5
202000,7,0.45090592449914724,0.587285427628282,24.95986552076099,combined,0.5608589924643632,results/202000_noisy.png,results/202000_enhanced.png,0.3430137849662192,20.235243661655396,0.24427164266206275,4.724621859105593,1.1921985149383545,5
206062,7,0.753674412701293,0.6505742747901758,26.610405819565948,combined,0.6150644272705188,results/206062_noisy.png,results/206062_enhanced.png,0.335671409923714,20.31260120682756,0.3149028648664618,6.297804612738389,0.9482924938201904,5
206097,5,0.5280499894249278,0.6548265210120267,26.297983901662597,combined,0.6161664681183943,results/206097_noisy.png,results/206097_enhanced.png,0.4275841423129066,20.52117980674431,0.22724237869912006,5.776804094918287,1.113311529159546,5
207038,3,0.7536322930726385,0.6869182653749732,24.706421078080204,combined,0.6290813122309624,results/207038_noisy.png,results/207038_enhanced.png,0.5166885130826613,20.348529473548098,0.17022975229231196,4.3578916045321066,1.0991883277893066,5
207049,3,0.5811375357583546,0.6805231994199642,23.22292115567332,combined,0.6157037665280147,results/207049_noisy.png,results/207049_enhanced.png,0.619146491863439,20.35297749124165,0.061376707556525245,2.86994366443167,1.0891003608703613,5
208078,3,0.7897483246333643,0.7591949354451254,25.571293989628096,combined,0.6848642187493563,results/208078_noisy.png,results/208078_enhanced.png,0.5205446527076898,20.35247656268912,0.2386502827374356,5.218817426938976,1.0705881118774414,5
209021,3,0.7330208633033928,0.6833878123512144,27.334378078096965,combined,0.6423777371144318,results/209021_noisy.png,results/209021_enhanced.png,0.35001206930228773,20.183190152409427,0.33337574304892664,7.1511879256875375,1.2258892059326172,5
217013,7,0.32406784091895097,0.5831690503647176,27.06509425823926,combined,0.5706089008047378,results/217013_noisy.png,results/217013_enhanced.png,0.2923891578856998,21.485818237308273,0.29077989247901775,5.579276020930987,1.1800227165222168,5
217090,3,0.48749114771770885,0.7207893553961042,24.53187312682164,combined,0.6517437875382028,results/217090_noisy.png,results/217090_enhanced.png,0.5663356967728678,20.411851977330517,0.15445365862323646,4.120021149491123,1.1387553215026855,5
220003,3,0.4780548436990808,0.6631326590121431,24.276784836710075,combined,0.6098535703287606,results/220003_noisy.png,results/220003_enhanced.png,0.5124251733521863,20.33583832564142,0.15070748565995684,3.940946511068656,1.1686673164367676,5
223004,7,0.5137195623415087,0.6463367959019094,26.204496482863405,combined,0.609662736028517,results/223004_noisy.png,results/223004_enhanced.png,0.35322429235957176,20.44888693969942,0.29311250354233764,5.755609543163985,1.3131277561187744,5
223060,5,0.45389920678460494,0.6713211999711172,24.76768341999103,combined,0.6185309404997281,results/223060_noisy.png,results/223060_enhanced.png,0.4822478738989449,20.447898500336855,0.18907332607217225,4.319784919654175,1.3008875846862793,5
225022,7,0.614738679100002,0.6172886372290598,25.175870187066437,combined,0.5831572671827405,results/225022_noisy.png,results/225022_enhanced.png,0.3206569092915785,20.289521696944917,0.2966317279374813,4.88634849012152,1.2801363468170166,5
226022,5,0.4771594573849167,0.6163162065523418,26.28650430904586,combined,0.5891403704409144,results/226022_noisy.png,results/226022_enhanced.png,0.3476324418434346,20.203821241526143,0.26868376470890715,6.082683067519717,1.2159783840179443,5
226033,3,0.8076553542662407,0.7875618822434403,26.33070883834613,combined,0.7092775706004849,results/226033_noisy.png,results/226033_enhanced.png,0.5398346269886706,20.268897174387007,0.24772725525476968,6.061811663959123,1.1705293655395508,5
226043,7,0.3740547108268853,0.7096277764003436,26.060310232189504,combined,0.6531013048733775,results/226043_noisy.png,results/226043_enhanced.png,0.44662395020972245,20.393435683750862,0.2630038261906211,5.666874548438642,1.353403091430664,5
226060,7,0.5176382412818334,0.6687422225224594,27.205678564948887,combined,0.6313536271554149,results/226060_noisy.png,results/226060_enhanced.png,0.32816730248679726,20.280908660004272,0.34057492003566214,6.924769904944615,1.260145664215088,5
228076,7,0.85,0.6470692046108653,24.64359760101173,combined,0.600810028833676,results/228076_noisy.png,results/228076_enhanced.png,0.34432966566015133,20.66697397796632,0.3027395389507139,3.976623623045409,1.1975517272949219,5
230063,5,0.85,0.6729272273256588,26.626706462975275,combined,0.6308092979058127,results/230063_noisy.png,results/230063_enhanced.png,0.3525592244048226,20.204125043627688,0.32036800292083617,6.422581419347587,1.168138027191162,5
230098,7,0.7198492498890758,0.6988222905913068,25.53787540306037,combined,0.642402855832277,results/230098_noisy.png,results/230098_enhanced.png,0.41184437356589937,20.30092196600736,0.2869779170254075,5.23695343705301,1.263789415359497,5
23050,3,0.7047323893981502,0.6747915906146786,26.185907055619925,combined,0.6294695557639945,results/23050_noisy.png,results/23050_enhanced.png,0.44694967339712827,20.66598294901312,0.22784191721755037,5.519924106606805,1.3042786121368408,5
232076,7,0.49445057152926314,0.6316460593425723,24.564095450629292,combined,0.5895368142435764,results/232076_noisy.png,results/232076_enhanced.png,0.40749562308285414,20.634291173971356,0.2241504362597182,3.9298042766579364,1.26603102684021,5
235098,7,0.85,0.6577830307253807,23.08855828642916,combined,0.5989794712263414,results/235098_noisy.png,results/235098_enhanced.png,0.40450754188223326,20.289527707985556,0.25327548884314743,2.7990305784436025,1.3161616325378418,5
238025,5,0.5139777974924598,0.6116297849502427,26.299009871312727,combined,0.5859349086930462,results/238025_noisy.png,results/238025_enhanced.png,0.36905298020685884,20.224370059103485,0.24257680474338383,6.0746398122092415,1.4463324546813965,5
243095,7,0.8199566734023274,0.7239017257949546,26.852512279179294,combined,0.6678462817315439,results/243095_noisy.png,results/243095_enhanced.png,0.3229698647878255,20.899709410831218,0.4009318610071291,5.952802868348076,1.1283366680145264,5
246009,7,0.7509027145929551,0.681011365853367,25.370392918487568,combined,0.6289303136082822,results/246009_noisy.png,results/246009_enhanced.png,0.35910935049749215,20.250967510417386,0.3219020153558748,5.119425408070182,1.1983497142791748,5
247003,7,0.3597746377215103,0.6224108715380215,25.567705427918494,combined,0.589093842644126,results/247003_noisy.png,results/247003_enhanced.png,0.39833728562519566,20.286230884320883,0.2240735859128259,5.281474543597611,1.2058873176574707,5
247012,5,0.5290293037710538,0.6579055741251573,25.713836133957958,combined,0.6148169186913578,results/247012_noisy.png,results/247012_enhanced.png,0.4206002719353202,20.247503359396603,0.2373053021898371,5.466332774561355,1.191307783126831,5
249021,7,0.5928315816048404,0.6281012763531957,26.57160918161692,combined,0.5991005485369385,results/249021_noisy.png,results/249021_enhanced.png,0.3486969455516606,20.240861097583558,0.2794043308015351,6.330748084033363,1.2501745223999023,5
250047,7,0.4751863200635845,0.7064108723847669,24.817697017747548,combined,0.6433937927758221,results/250047_noisy.png,results/250047_enhanced.png,0.5078992280285537,20.72255901600456,0.19851164435621316,4.095138001742988,1.1760849952697754,5
250087,5,0.774103668962867,0.7131068490198216,27.532546939737532,combined,0.6643700759523002,results/250087_noisy.png,results/250087_enhanced.png,0.34644160892809295,20.720225890016458,0.36666524009172863,6.812321049721074,1.1508667469024658,5
253016,5,0.5534570998521674,0.7163417270830965,25.486691275120535,combined,0.6543593566088907,results/253016_noisy.png,results/253016_enhanced.png,0.49889604596755927,20.46560636835688,0.21744568111553725,5.0210849067636545,1.1915395259857178,5
253092,7,0.85,0.751877706504014,27.5078779870614,combined,0.691361662475178,results/253092_noisy.png,results/253092_enhanced.png,0.38125687431790645,20.366264182197853,0.37062083218610753,7.141613804863546,1.2608611583709717,5
257098,7,0.4407909197829707,0.5764907573618965,27.03073764920606,combined,0.5657279560485639,results/257098_noisy.png,results/257098_enhanced.png,0.2912140375650687,20.363467418681864,0.2852767197968278,6.6672702305241955,1.2733206748962402,5
258089,7,0.4827549158937008,0.7264863413481325,24.979303247907826,combined,0.6584162584311397,results/258089_noisy.png,results/258089_enhanced.png,0.5142569080793895,20.65649256500555,0.212229433268743,4.322810682902276,1.207381248474121,5
259060,3,0.7690994148370696,0.6858005054519335,24.56743797578072,combined,0.6274649816710377,results/259060_noisy.png,results/259060_enhanced.png,0.5392079192200956,20.67209561918983,0.1465925862318379,3.8953423565908913,1.141920804977417,5
267036,7,0.7122351557934321,0.6174826168141175,23.317789786592265,combined,0.5721445704894358,results/267036_noisy.png,results/267036_enhanced.png,0.4083529878522264,20.39264889450427,0.20912962896189113,2.9251408920879953,1.218775987625122,5
268048,5,0.3612763466232779,0.7258718314914812,24.96119935598532,combined,0.6578774781799487,results/268048_noisy.png,results/268048_enhanced.png,0.5408094079503352,20.561983748217525,0.185062423541146,4.399215607767793,1.1298587322235107,5
268074,5,0.309937000823718,0.696780014159227,24.40914012194259,combined,0.6342008506431144,results/268074_noisy.png,results/268074_enhanced.png,0.5412216437253135,20.522319078291602,0.15555837043391352,3.8868210436509862,1.2349412441253662,5
277053,3,0.7554160693556158,0.7318210471871619,24.87104989214492,combined,0.6615010323838828,results/277053_noisy.png,results/277053_enhanced.png,0.5623625785501826,20.352190772640057,0.16945846863697933,4.518859119504864,1.1344969272613525,5
279005,5,0.558452896217861,0.5778476787267479,26.905476043684583,combined,0.565926231370831,results/279005_noisy.png,results/279005_enhanced.png,0.2762772669065454,20.333272191074943,0.3015704118202025,6.57220385260964,1.1052699089050293,5
28083,7,0.7258260180767835,0.6189466038905693,28.459467322991713,combined,0.6040194266613488,results/28083_noisy.png,results/28083_enhanced.png,0.2547182259467111,20.264274703810038,0.3642283779438582,8.195192619181675,1.1336266994476318,5
281017,5,0.6421031739061421,0.6394342839556783,27.124957631452627,combined,0.6103537445576905,results/281017_noisy.png,results/281017_enhanced.png,0.31819322460597405,20.24109246491449,0.3212410593497042,6.883865166538136,1.1317100524902344,5
285022,5,0.7732290618444327,0.6428485568772563,28.370852476816847,combined,0.6202191046749804,results/285022_noisy.png,results/285022_enhanced.png,0.24949196332749998,20.801083369260176,0.3933565935497563,7.56976910755667,1.1352579593658447,5
288024,5,0.7173889980890363,0.6564936808625498,24.919018450183952,combined,0.6090596873048886,results/288024_noisy.png,results/288024_enhanced.png,0.37511426027604694,20.434064892925615,0.28137942058650284,4.484953557258336,1.1015658378601074,5
289011,5,0.7162588499116495,0.6587175125493512,27.837879683864397,combined,0.6281295368877322,results/289011_noisy.png,results/289011_enhanced.png,0.2939770677543744,20.228746226774078,0.3647404447949768,7.609133457090319,1.1158907413482666,5
290035,5,0.45126690593563706,0.610166730657065,26.604296967058335,combined,0.5867424932622954,results/290035_noisy.png,results/290035_enhanced.png,0.33498706567553715,20.21064960648362,0.2751796649815278,6.393647360574715,1.1259140968322754,5
29030,5,0.7342662216915111,0.6249718207387697,26.89497031039693,combined,0.5988500963795202,results/29030_noisy.png,results/29030_enhanced.png,0.32757726606636284,20.616875690349552,0.29739455467240683,6.278094620047376,1.0698621273040771,5
296028,5,0.5542064295116395,0.6024774317326879,26.05451195303372,combined,0.5780612739310838,results/296028_noisy.png,results/296028_enhanced.png,0.3718531786771328,20.383590423107233,0.23062425305555506,5.670921529926488,1.0451788902282715,5
296058,3,0.41453921490392237,0.7189992286042822,23.06949333740142,combined,0.641716420047406,results/296058_noisy.png,results/296058_enhanced.png,0.6219613990290105,20.34686829824942,0.09703782957527174,2.7226250391519997,1.091747522354126,5
302022,5,0.45037942416354854,0.6597334872224035,26.02815418687272,combined,0.6179823661769188,results/302022_noisy.png,results/302022_enhanced.png,0.3975838494665532,20.525523235035415,0.2621496377558504,5.502630951837304,1.1426031589508057,5
306051,5,0.7831957968195805,0.6944735965407727,26.308473234496418,combined,0.6439823569855193,results/306051_noisy.png,results/306051_enhanced.png,0.41332493244431856,20.608817221749792,0.2811486640964541,5.699656012746626,1.1120493412017822,5
306052,5,0.6263933435811819,0.6253330372927218,25.705751686075672,combined,0.5919676362213593,results/306052_noisy.png,results/306052_enhanced.png,0.4274156399979229,20.766384386036965,0.1979173972947989,4.9393673000387075,1.0999228954315186,5
3063,7,0.85,0.7165078657067645,29.418969038992525,combined,0.6780693202286903,results/3063_noisy.png,results/3063_enhanced.png,0.22891676211448417,20.26056433741456,0.4875911035922803,9.158404701577965,1.0470166206359863,5
309040,3,0.522440892866079,0.6674196756955517,25.18276305409912,combined,0.6182903513114809,results/309040_noisy.png,results/309040_enhanced.png,0.46959769673285445,20.542824447073045,0.19782197896269726,4.639938607026075,1.0868422985076904,5
317043,3,0.8296638503062768,0.703587159724505,25.749997417093024,combined,0.6470109963097117,results/317043_noisy.png,results/317043_enhanced.png,0.4693268734739501,20.23392032494501,0.23426028625055495,5.516077092148013,1.1377410888671875,5
326025,7,0.85,0.7177148367729121,24.99912403372791,combined,0.652395129943406,results/326025_noisy.png,results/326025_enhanced.png,0.42610766210643,21.005489861289817,0.29160717466648217,3.9936341724380924,1.050729751586914,5
326085,5,0.85,0.7371052744207067,26.408300915082595,combined,0.6744234975849903,results/326085_noisy.png,results/326085_enhanced.png,0.46437578206857033,20.601039741564342,0.2727294923521364,5.807261173518253,1.125927448272705,5
33044,3,0.7104589875306828,0.6891458602633758,25.022743666648203,combined,0.6325385641842522,results/33044_noisy.png,results/33044_enhanced.png,0.5148635017359081,20.542545359952605,0.17428235852746765,4.480198306695598,1.075078010559082,5
334025,7,0.6725318539031102,0.6244079709767918,27.013587550471115,combined,0.5991671049865809,results/334025_noisy.png,results/334025_enhanced.png,0.3063947568769726,20.469713365383466,0.3180132140998192,6.543874185087649,1.0529749393463135,5
335088,7,0.43055308688249233,0.7320092589535676,24.704909787162844,combined,0.6606359399904744,results/335088_noisy.png,results/335088_enhanced.png,0.5537817471638099,20.288521575640637,0.1782275117897577,4.416388211522207,1.1099791526794434,5
335094,5,0.38787971236690133,0.7484672857723451,24.38551490092436,combined,0.6702401894461878,results/335094_noisy.png,results/335094_enhanced.png,0.586354504559914,21.323029272589903,0.1621127812124311,3.062485628334457,1.152045488357544,5
344010,5,0.33587950568280445,0.6608208944647308,24.897644402298063,combined,0.6119604925390999,results/344010_noisy.png,results/344010_enhanced.png,0.4848696048755917,20.735459366704717,0.17595128958913908,4.162185035593346,1.045712947845459,5
346016,7,0.23990778248635886,0.6972893693907224,22.805379151612748,combined,0.6249348334831821,results/346016_noisy.png,results/346016_enhanced.png,0.6403373168929518,20.389603093782096,0.05695205249777058,2.4157760578306515,1.120171308517456,5
347031,7,0.4587492789161896,0.622453559975046,26.523597974589123,combined,0.5948590798300669,results/347031_noisy.png,results/347031_enhanced.png,0.32167658278582933,20.558534114697547,0.3007769771892167,5.9650638598915755,1.1236960887908936,5
35028,7,0.6865965363436262,0.6530241820599318,27.910668723414215,combined,0.6245809397824376,results/35028_noisy.png,results/35028_enhanced.png,0.24577374142391273,20.263514230792765,0.4072504406360191,7.64715449262145,1.1435306072235107,5
35049,5,0.5956219122228847,0.6108161418409451,27.656173309358408,combined,0.5935083391448119,results/35049_noisy.png,results/35049_enhanced.png,0.2574476015541731,20.555664330289893,0.353368540286772,7.100508979068515,1.1616311073303223,5
36046,5,0.7609898148105505,0.6044551733763457,27.204928501272377,combined,0.5863481923710763,results/36046_noisy.png,results/36046_enhanced.png,0.3176226740185836,20.233308057476165,0.2868324993577621,6.971620443796212,1.0751762390136719,5
365072,3,0.85,0.7299872580785869,24.972246067381583,combined,0.6608245570593003,results/365072_noisy.png,results/365072_enhanced.png,0.5604623151824125,20.53730896540481,0.16952494289617437,4.434937101976772,1.1572110652923584,5
368037,7,0.7093485169503772,0.7306294205626401,26.01286049280137,combined,0.6675177573506562,results/368037_noisy.png,results/368037_enhanced.png,0.38697056165149607,20.64751582562767,0.34365885891114406,5.365344667173698,1.187692642211914,5
372019,7,0.85,0.6396352144101322,26.4630661344623,combined,0.6065230468938663,results/372019_noisy.png,results/372019_enhanced.png,0.3517493258443167,20.342625410901725,0.2878858885658155,6.120440723560574,1.2072899341583252,5
376086,5,0.4891282085267251,0.6925855676036389,26.710124517537896,combined,0.6450706444277746,results/376086_noisy.png,results/376086_enhanced.png,0.4207020130046816,21.061777597526333,0.2718835545989573,5.648346920011562,1.1655473709106445,5
384022,5,0.7527583801110536,0.6348127018403493,24.837605675928014,combined,0.5933945253438125,results/384022_noisy.png,results/384022_enhanced.png,0.3900623675526951,20.30044930232765,0.24475033428765425,4.537156373600364,1.109222650527954,5
384089,7,0.4727632401595704,0.5780625422925739,27.11270146608101,combined,0.5673199884012878,results/384089_noisy.png,results/384089_enhanced.png,0.3073983884353504,20.714095982645695,0.27066415385722353,6.398605483435315,1.124399185180664,5
385022,3,0.4599149840983263,0.7014275167515134,24.44520578492355,combined,0.6376704964356006,results/385022_noisy.png,results/385022_enhanced.png,0.5409219309597199,20.801201766166933,0.16050558579179353,3.6440040187566183,1.1319332122802734,5
388006,5,0.85,0.7006344867863101,26.970618013468346,combined,0.6522678488312271,results/388006_noisy.png,results/388006_enhanced.png,0.36886381072266344,20.30347127768669,0.3317706760636467,6.667146735781657,1.1072394847869873,5
388018,5,0.6096824084977104,0.7158635446994569,26.686370020530244,combined,0.6612227014128013,results/388018_noisy.png,results/388018_enhanced.png,0.45113027270946227,20.663110036633057,0.26473327198999463,6.023259983897187,1.1006345748901367,5
388067,5,0.4348289317565679,0.6526160725949184,25.51282863276199,combined,0.6099082226130148,results/388067_noisy.png,results/388067_enhanced.png,0.4168223338541745,20.445383788174134,0.23579373874074389,5.0674448445878575,1.0692119598388672,5
393035,7,0.39329604245277217,0.6980615879683448,25.477016761470672,combined,0.6415052121466653,results/393035_noisy.png,results/393035_enhanced.png,0.41938999818336875,21.029425501966756,0.2786715897849761,4.447591259503916,1.1284899711608887,5
41006,5,0.4956376453186433,0.620524125956072,27.448210127110244,combined,0.5990561489319118,results/41006_noisy.png,results/41006_enhanced.png,0.28046738439276336,20.205827562796603,0.3400567415633086,7.24238256431364,1.075556993484497,5
41029,7,0.8422034276434422,0.6958045116956432,25.988820771475567,combined,0.6429960828158036,results/41029_noisy.png,results/41029_enhanced.png,0.3508436653884743,20.364272694405983,0.3449608463071689,5.6245480770695835,0.8650333881378174,5
41085,5,0.5029294916745906,0.6947421449517053,26.265673964058482,combined,0.6439135452505446,results/41085_noisy.png,results/41085_enhanced.png,0.43349856894648464,20.37301148812974,0.26124357600522063,5.892662475928741,0.8601043224334717,5
41096,5,0.7997983964704218,0.6804635174592787,25.661435726786173,combined,0.6302930765822121,results/41096_noisy.png,results/41096_enhanced.png,0.39121945964533883,20.320984982829252,0.28924405781393986,5.3404507439569215,0.9350082874298096,5
43033,7,0.5401984611492098,0.6205905554118569,26.988361680426554,combined,0.5963435588708591,results/43033_noisy.png,results/43033_enhanced.png,0.3234490111833076,20.277092077720592,0.2971415442285493,6.711269602705961,0.9774353504180908,5
43051,5,0.6051585114698042,0.5606754539657549,28.551504136240226,combined,0.5637818425934698,results/43051_noisy.png,results/43051_enhanced.png,0.18995159161242314,20.463850282341454,0.37072386235333177,8.087653853898772,0.9309442043304443,5
45000,5,0.4635471029391023,0.7061982816216351,25.968240233402867,combined,0.6501482385355617,results/45000_noisy.png,results/45000_enhanced.png,0.4777141315186499,20.685680016346836,0.22848415010298523,5.28256021705603,0.8944599628448486,5
48017,7,0.3152534714200328,0.6792187267121098,24.81898565926091,combined,0.6243670226540423,results/48017_noisy.png,results/48017_enhanced.png,0.5261807796992627,20.790188086350817,0.15303794701284712,4.0287975729100935,0.8871781826019287,5
48025,7,0.550135950185685,0.5959045275286701,25.724300262884768,combined,0.5714789708473776,results/48025_noisy.png,results/48025_enhanced.png,0.362071889392836,20.426184887330233,0.23383263813583405,5.298115375554534,0.9009697437286377,5
49024,7,0.784206439281616,0.6883451529901292,29.205826734282944,combined,0.6570765674987881,results/49024_noisy.png,results/49024_enhanced.png,0.22396248662867307,20.39412575107722,0.46438266636145614,8.811700983205725,0.8993408679962158,5
5096,5,0.4896368629666942,0.5786404740096173,26.347154637663536,combined,0.5631312596327133,results/5096_noisy.png,results/5096_enhanced.png,0.35502462729685313,20.705423572167035,0.22361584671276413,5.641731065496501,0.8828620910644531,5
51084,7,0.5063256001074168,0.6817383949123464,26.42952386664078,combined,0.6357940196384871,results/51084_noisy.png,results/51084_enhanced.png,0.4207764628483344,20.68202477455789,0.260961932064012,5.74749909208289,0.9713342189788818,5
6046,3,0.7232538093064269,0.7034046448354858,25.30126223060497,combined,0.6441908247684698,results/6046_noisy.png,results/6046_enhanced.png,0.5037617005389864,20.637568477381542,0.19964294429649942,4.663693753223427,0.9093892574310303,5
61034,7,0.602033545273928,0.6562788250015504,24.820727238074248,combined,0.6083195409295308,results/61034_noisy.png,results/61034_enhanced.png,0.38586805287475084,20.371641312218042,0.2704107721267996,4.449085925856206,0.9331111907958984,5
64061,7,0.7876250832827703,0.6287242607274486,28.2892246444176,combined,0.6098423303757196,results/64061_noisy.png,results/64061_enhanced.png,0.2690564738273997,20.229114385939848,0.35966778690004886,8.060110258477753,0.9308416843414307,5
65084,7,0.85,0.7085686388043521,25.910608196986587,combined,0.6514616963449659,results/65084_noisy.png,results/65084_enhanced.png,0.35976360763732906,20.39994998485335,0.348805031167023,5.510658212133237,0.9511468410491943,5
69000,5,0.7555618524222449,0.6375841818567903,24.900432402478373,combined,0.5957115217146234,results/69000_noisy.png,results/69000_enhanced.png,0.4038874483767061,20.636728484020143,0.23369673348008424,4.26370391845823,0.9134066104888916,5
69007,5,0.39941559248578534,0.6291622875675785,24.084655639187496,combined,0.58492153513243,results/69007_noisy.png,results/69007_enhanced.png,0.4664856693209851,20.379389460930994,0.1626766182465934,3.705266178256501,0.8946514129638672,5
69022,5,0.4042707014749044,0.683497078689763,26.379165615706647,combined,0.6367229487770739,results/69022_noisy.png,results/69022_enhanced.png,0.40323011866963965,20.38121584884483,0.2802669600201233,5.997949766861819,0.9002513885498047,5
70011,7,0.8224776722524489,0.7293624300920958,30.38346582346832,combined,0.6928544960052769,results/70011_noisy.png,results/70011_enhanced.png,0.21008638016122408,20.193293567407842,0.5192760499308717,10.190172256060478,0.9750993251800537,5
70090,7,0.5843573238540283,0.680230306711724,26.431747778881835,combined,0.6347517013714978,results/70090_noisy.png,results/70090_enhanced.png,0.37123359362762187,20.548079081737654,0.30899671308410215,5.883668697144181,0.9250361919403076,5
71076,7,0.5753506583637643,0.6139323541979499,26.24213480225984,combined,0.5872054567521239,results/71076_noisy.png,results/71076_enhanced.png,0.36154840696851104,20.22326765502024,0.25238394722943885,6.0188671472396,0.9645843505859375,5
71099,5,0.3753065530389986,0.5755772375436087,24.969847225497723,combined,0.5527231496335123,results/71099_noisy.png,results/71099_enhanced.png,0.3943389984999823,20.365208309381934,0.1812382390436264,4.604638916115789,0.9512841701507568,5
77062,3,0.7518235357672516,0.7221855588229946,24.30499006935875,combined,0.6513598315922488,results/77062_noisy.png,results/77062_enhanced.png,0.5502179517195389,20.49982891666559,0.1719676071034557,3.805161152693163,0.9967727661132812,5
78098,5,0.4790832306145999,0.7138501307008687,23.502125160760485,combined,0.6407078424551709,results/78098_noisy.png,results/78098_enhanced.png,0.6156958496781136,20.62430201573961,0.09815428102275503,2.8778231450208764,0.9450700283050537,5
79073,5,0.23738779893884776,0.7002250633239459,23.11825180630987,combined,0.6288670551646213,results/79073_noisy.png,results/79073_enhanced.png,0.6105939400045761,20.51105505991492,0.08963112331936973,2.6071967463949512,1.0109858512878418,5
80085,5,0.6193721370702363,0.591369018238743,27.094637404798014,combined,0.5765261371959082,results/80085_noisy.png,results/80085_enhanced.png,0.260020178517732,20.320793051726813,0.331348839721011,6.773844353071201,0.93408203125,5
80090,5,0.7856471199121879,0.6542763818241678,27.128721831026475,combined,0.6207657982630763,results/80090_noisy.png,results/80090_enhanced.png,0.32732515030397746,20.319933680727242,0.32695123152019034,6.8087881502992325,0.938208818435669,5
8068,7,0.6063234826704137,0.6445590544401347,27.43117176729036,combined,0.6157783687118363,results/8068_noisy.png,results/8068_enhanced.png,0.29053318778924964,20.783866265840313,0.3540258666508851,6.647305501450045,0.9821908473968506,5
81066,7,0.7620776150886612,0.619080882027321,26.31040404564526,combined,0.5912190416929962,results/81066_noisy.png,results/81066_enhanced.png,0.3360009210125779,20.22044767612632,0.28307996101474314,6.089956369518941,1.1588692665100098,5
81090,7,0.7903618953087153,0.6763308305729977,23.904532273726634,combined,0.6168587750434582,results/81090_noisy.png,results/81090_enhanced.png,0.40437532081634736,20.5238641769291,0.27195550975665034,3.3806680967975353,1.1626081466674805,5
81095,7,0.85,0.6509517607520297,26.988755645825513,combined,0.6175987664013738,results/81095_noisy.png,results/81095_enhanced.png,0.2936398715489544,20.268272594235345,0.3573118892030753,6.720483051590168,1.1466388702392578,5
87015,3,0.8293760488309654,0.6779141939282148,25.022776393693814,combined,0.6246765941119132,results/87015_noisy.png,results/87015_enhanced.png,0.5169684814722406,20.23220707877593,0.16094571245597422,4.790569314917885,1.100917100906372,5
92014,3,0.7654457933556499,0.659201286647726,24.977021740773772,combined,0.6113030310980508,results/92014_noisy.png,results/92014_enhanced.png,0.43365143432000247,20.599460291278085,0.22554985232772357,4.377561449495687,1.0476396083831787,5
94095,5,0.49673137068723083,0.6777959204436167,25.803120787883156,combined,0.6292758690378306,results/94095_noisy.png,results/94095_enhanced.png,0.4595811404790506,20.197232231032384,0.21821477996456612,5.605888556850772,1.0767796039581299,5
97010,5,0.4610657897155798,0.6141354722577006,23.496885272814545,combined,0.5708761422172777,results/97010_noisy.png,results/97010_enhanced.png,0.46852459138785785,20.317300093163695,0.14561088086984275,3.17958517965085,1.102907657623291,5
